Input,Output,ObservedProb,ExpectedProb
gorar+PL_0,gorarka,1.0,0.7689680759775629
gorar+PL_1,gorarka,1.0,0.7689680759775629
gorar+PL_2,gorarka,1.0,0.7689680759775629
gorar+PL_3,gorarka,1.0,0.7689680759775629
gorar+PL_4,gorarka,1.0,0.7689680759775629
gorar+PL_5,gorarka,1.0,0.7689680759775629
gorar+PL_6,gorarka,1.0,0.7689680759775629
gorar+PL_7,gorarka,1.0,0.7689680759775629
gorar+PL_8,gorarka,1.0,0.7689680759775629
gorar+PL_9,gorarka,1.0,0.7689680759775629
gorar+PL_10,gorarka,1.0,0.7689680759775629
gorar+PL_0,gorarson,0.0,0.23103192402243714
gorar+PL_1,gorarson,0.0,0.23103192402243714
gorar+PL_2,gorarson,0.0,0.23103192402243714
gorar+PL_3,gorarson,0.0,0.23103192402243714
gorar+PL_4,gorarson,0.0,0.23103192402243714
gorar+PL_5,gorarson,0.0,0.23103192402243714
gorar+PL_6,gorarson,0.0,0.23103192402243714
gorar+PL_7,gorarson,0.0,0.23103192402243714
gorar+PL_8,gorarson,0.0,0.23103192402243714
gorar+PL_9,gorarson,0.0,0.23103192402243714
gorar+PL_10,gorarson,0.0,0.23103192402243714
mureg+PL_0,muregson,0.0,0.23103192402243714
mureg+PL_1,muregson,0.0,0.23103192402243714
mureg+PL_2,muregson,0.0,0.23103192402243714
mureg+PL_3,muregson,0.0,0.23103192402243714
mureg+PL_4,muregson,0.0,0.23103192402243714
mureg+PL_5,muregson,0.0,0.23103192402243714
mureg+PL_6,muregson,0.0,0.23103192402243714
mureg+PL_7,muregson,0.0,0.23103192402243714
mureg+PL_8,muregson,0.0,0.23103192402243714
mureg+PL_9,muregson,0.0,0.23103192402243714
mureg+PL_10,muregson,0.0,0.23103192402243714
mureg+PL_11,muregson,0.0,0.23103192402243714
mureg+PL_12,muregson,0.0,0.23103192402243714
mureg+PL_13,muregson,0.0,0.23103192402243714
mureg+PL_14,muregson,0.0,0.23103192402243714
mureg+PL_15,muregson,0.0,0.23103192402243714
mureg+PL_16,muregson,0.0,0.23103192402243714
mureg+PL_17,muregson,0.0,0.23103192402243714
mureg+PL_18,muregson,0.0,0.23103192402243714
mureg+PL_19,muregson,0.0,0.23103192402243714
mureg+PL_20,muregson,0.0,0.23103192402243714
mureg+PL_21,muregson,0.0,0.23103192402243714
mureg+PL_22,muregson,0.0,0.23103192402243714
mureg+PL_23,muregson,0.0,0.23103192402243714
mureg+PL_24,muregson,0.0,0.23103192402243714
mureg+PL_25,muregson,0.0,0.23103192402243714
mureg+PL_26,muregson,0.0,0.23103192402243714
mureg+PL_27,muregson,0.0,0.23103192402243714
mureg+PL_28,muregson,0.0,0.23103192402243714
mureg+PL_29,muregson,0.0,0.23103192402243714
mureg+PL_30,muregson,0.0,0.23103192402243714
mureg+PL_31,muregson,0.0,0.23103192402243714
mureg+PL_32,muregson,0.0,0.23103192402243714
mureg+PL_33,muregson,0.0,0.23103192402243714
mureg+PL_34,muregson,0.0,0.23103192402243714
mureg+PL_35,muregson,0.0,0.23103192402243714
mureg+PL_36,muregson,0.0,0.23103192402243714
mureg+PL_37,muregson,0.0,0.23103192402243714
mureg+PL_38,muregson,0.0,0.23103192402243714
mureg+PL_39,muregson,0.0,0.23103192402243714
mureg+PL_40,muregson,0.0,0.23103192402243714
mureg+PL_41,muregson,0.0,0.23103192402243714
mureg+PL_42,muregson,0.0,0.23103192402243714
mureg+PL_43,muregson,0.0,0.23103192402243714
mureg+PL_44,muregson,0.0,0.23103192402243714
mureg+PL_45,muregson,0.0,0.23103192402243714
mureg+PL_46,muregson,0.0,0.23103192402243714
mureg+PL_47,muregson,0.0,0.23103192402243714
mureg+PL_48,muregson,0.0,0.23103192402243714
mureg+PL_49,muregson,0.0,0.23103192402243714
mureg+PL_50,muregson,0.0,0.23103192402243714
mureg+PL_51,muregson,0.0,0.23103192402243714
mureg+PL_52,muregson,0.0,0.23103192402243714
mureg+PL_53,muregson,0.0,0.23103192402243714
mureg+PL_54,muregson,0.0,0.23103192402243714
mureg+PL_55,muregson,0.0,0.23103192402243714
mureg+PL_56,muregson,0.0,0.23103192402243714
mureg+PL_57,muregson,0.0,0.23103192402243714
mureg+PL_58,muregson,0.0,0.23103192402243714
mureg+PL_59,muregson,0.0,0.23103192402243714
mureg+PL_60,muregson,0.0,0.23103192402243714
mureg+PL_61,muregson,0.0,0.23103192402243714
mureg+PL_62,muregson,0.0,0.23103192402243714
mureg+PL_63,muregson,0.0,0.23103192402243714
mureg+PL_64,muregson,0.0,0.23103192402243714
mureg+PL_65,muregson,0.0,0.23103192402243714
mureg+PL_66,muregson,0.0,0.23103192402243714
mureg+PL_67,muregson,0.0,0.23103192402243714
mureg+PL_68,muregson,0.0,0.23103192402243714
mureg+PL_69,muregson,0.0,0.23103192402243714
mureg+PL_70,muregson,0.0,0.23103192402243714
mureg+PL_71,muregson,0.0,0.23103192402243714
mureg+PL_72,muregson,0.0,0.23103192402243714
mureg+PL_73,muregson,0.0,0.23103192402243714
mureg+PL_74,muregson,0.0,0.23103192402243714
mureg+PL_75,muregson,0.0,0.23103192402243714
mureg+PL_76,muregson,0.0,0.23103192402243714
mureg+PL_77,muregson,0.0,0.23103192402243714
mureg+PL_78,muregson,0.0,0.23103192402243714
mureg+PL_0,muregka,1.0,0.7689680759775629
mureg+PL_1,muregka,1.0,0.7689680759775629
mureg+PL_2,muregka,1.0,0.7689680759775629
mureg+PL_3,muregka,1.0,0.7689680759775629
mureg+PL_4,muregka,1.0,0.7689680759775629
mureg+PL_5,muregka,1.0,0.7689680759775629
mureg+PL_6,muregka,1.0,0.7689680759775629
mureg+PL_7,muregka,1.0,0.7689680759775629
mureg+PL_8,muregka,1.0,0.7689680759775629
mureg+PL_9,muregka,1.0,0.7689680759775629
mureg+PL_10,muregka,1.0,0.7689680759775629
mureg+PL_11,muregka,1.0,0.7689680759775629
mureg+PL_12,muregka,1.0,0.7689680759775629
mureg+PL_13,muregka,1.0,0.7689680759775629
mureg+PL_14,muregka,1.0,0.7689680759775629
mureg+PL_15,muregka,1.0,0.7689680759775629
mureg+PL_16,muregka,1.0,0.7689680759775629
mureg+PL_17,muregka,1.0,0.7689680759775629
mureg+PL_18,muregka,1.0,0.7689680759775629
mureg+PL_19,muregka,1.0,0.7689680759775629
mureg+PL_20,muregka,1.0,0.7689680759775629
mureg+PL_21,muregka,1.0,0.7689680759775629
mureg+PL_22,muregka,1.0,0.7689680759775629
mureg+PL_23,muregka,1.0,0.7689680759775629
mureg+PL_24,muregka,1.0,0.7689680759775629
mureg+PL_25,muregka,1.0,0.7689680759775629
mureg+PL_26,muregka,1.0,0.7689680759775629
mureg+PL_27,muregka,1.0,0.7689680759775629
mureg+PL_28,muregka,1.0,0.7689680759775629
mureg+PL_29,muregka,1.0,0.7689680759775629
mureg+PL_30,muregka,1.0,0.7689680759775629
mureg+PL_31,muregka,1.0,0.7689680759775629
mureg+PL_32,muregka,1.0,0.7689680759775629
mureg+PL_33,muregka,1.0,0.7689680759775629
mureg+PL_34,muregka,1.0,0.7689680759775629
mureg+PL_35,muregka,1.0,0.7689680759775629
mureg+PL_36,muregka,1.0,0.7689680759775629
mureg+PL_37,muregka,1.0,0.7689680759775629
mureg+PL_38,muregka,1.0,0.7689680759775629
mureg+PL_39,muregka,1.0,0.7689680759775629
mureg+PL_40,muregka,1.0,0.7689680759775629
mureg+PL_41,muregka,1.0,0.7689680759775629
mureg+PL_42,muregka,1.0,0.7689680759775629
mureg+PL_43,muregka,1.0,0.7689680759775629
mureg+PL_44,muregka,1.0,0.7689680759775629
mureg+PL_45,muregka,1.0,0.7689680759775629
mureg+PL_46,muregka,1.0,0.7689680759775629
mureg+PL_47,muregka,1.0,0.7689680759775629
mureg+PL_48,muregka,1.0,0.7689680759775629
mureg+PL_49,muregka,1.0,0.7689680759775629
mureg+PL_50,muregka,1.0,0.7689680759775629
mureg+PL_51,muregka,1.0,0.7689680759775629
mureg+PL_52,muregka,1.0,0.7689680759775629
mureg+PL_53,muregka,1.0,0.7689680759775629
mureg+PL_54,muregka,1.0,0.7689680759775629
mureg+PL_55,muregka,1.0,0.7689680759775629
mureg+PL_56,muregka,1.0,0.7689680759775629
mureg+PL_57,muregka,1.0,0.7689680759775629
mureg+PL_58,muregka,1.0,0.7689680759775629
mureg+PL_59,muregka,1.0,0.7689680759775629
mureg+PL_60,muregka,1.0,0.7689680759775629
mureg+PL_61,muregka,1.0,0.7689680759775629
mureg+PL_62,muregka,1.0,0.7689680759775629
mureg+PL_63,muregka,1.0,0.7689680759775629
mureg+PL_64,muregka,1.0,0.7689680759775629
mureg+PL_65,muregka,1.0,0.7689680759775629
mureg+PL_66,muregka,1.0,0.7689680759775629
mureg+PL_67,muregka,1.0,0.7689680759775629
mureg+PL_68,muregka,1.0,0.7689680759775629
mureg+PL_69,muregka,1.0,0.7689680759775629
mureg+PL_70,muregka,1.0,0.7689680759775629
mureg+PL_71,muregka,1.0,0.7689680759775629
mureg+PL_72,muregka,1.0,0.7689680759775629
mureg+PL_73,muregka,1.0,0.7689680759775629
mureg+PL_74,muregka,1.0,0.7689680759775629
mureg+PL_75,muregka,1.0,0.7689680759775629
mureg+PL_76,muregka,1.0,0.7689680759775629
mureg+PL_77,muregka,1.0,0.7689680759775629
mureg+PL_78,muregka,1.0,0.7689680759775629
gagut+PL_0,gagutka,1.0,0.7689680759775629
gagut+PL_1,gagutka,1.0,0.7689680759775629
gagut+PL_2,gagutka,1.0,0.7689680759775629
gagut+PL_3,gagutka,1.0,0.7689680759775629
gagut+PL_4,gagutka,1.0,0.7689680759775629
gagut+PL_5,gagutka,1.0,0.7689680759775629
gagut+PL_6,gagutka,1.0,0.7689680759775629
gagut+PL_7,gagutka,1.0,0.7689680759775629
gagut+PL_8,gagutka,1.0,0.7689680759775629
gagut+PL_9,gagutka,1.0,0.7689680759775629
gagut+PL_0,gagutson,0.0,0.23103192402243714
gagut+PL_1,gagutson,0.0,0.23103192402243714
gagut+PL_2,gagutson,0.0,0.23103192402243714
gagut+PL_3,gagutson,0.0,0.23103192402243714
gagut+PL_4,gagutson,0.0,0.23103192402243714
gagut+PL_5,gagutson,0.0,0.23103192402243714
gagut+PL_6,gagutson,0.0,0.23103192402243714
gagut+PL_7,gagutson,0.0,0.23103192402243714
gagut+PL_8,gagutson,0.0,0.23103192402243714
gagut+PL_9,gagutson,0.0,0.23103192402243714
bizob+PL_0,bizobka,1.0,0.7689680759775629
bizob+PL_1,bizobka,1.0,0.7689680759775629
bizob+PL_2,bizobka,1.0,0.7689680759775629
bizob+PL_3,bizobka,1.0,0.7689680759775629
bizob+PL_4,bizobka,1.0,0.7689680759775629
bizob+PL_5,bizobka,1.0,0.7689680759775629
bizob+PL_6,bizobka,1.0,0.7689680759775629
bizob+PL_7,bizobka,1.0,0.7689680759775629
bizob+PL_8,bizobka,1.0,0.7689680759775629
bizob+PL_0,bizobson,0.0,0.23103192402243714
bizob+PL_1,bizobson,0.0,0.23103192402243714
bizob+PL_2,bizobson,0.0,0.23103192402243714
bizob+PL_3,bizobson,0.0,0.23103192402243714
bizob+PL_4,bizobson,0.0,0.23103192402243714
bizob+PL_5,bizobson,0.0,0.23103192402243714
bizob+PL_6,bizobson,0.0,0.23103192402243714
bizob+PL_7,bizobson,0.0,0.23103192402243714
bizob+PL_8,bizobson,0.0,0.23103192402243714
kumud+PL_0,kumudka,1.0,0.7689680759775629
kumud+PL_1,kumudka,1.0,0.7689680759775629
kumud+PL_2,kumudka,1.0,0.7689680759775629
kumud+PL_3,kumudka,1.0,0.7689680759775629
kumud+PL_4,kumudka,1.0,0.7689680759775629
kumud+PL_5,kumudka,1.0,0.7689680759775629
kumud+PL_6,kumudka,1.0,0.7689680759775629
kumud+PL_7,kumudka,1.0,0.7689680759775629
kumud+PL_0,kumudson,0.0,0.23103192402243714
kumud+PL_1,kumudson,0.0,0.23103192402243714
kumud+PL_2,kumudson,0.0,0.23103192402243714
kumud+PL_3,kumudson,0.0,0.23103192402243714
kumud+PL_4,kumudson,0.0,0.23103192402243714
kumud+PL_5,kumudson,0.0,0.23103192402243714
kumud+PL_6,kumudson,0.0,0.23103192402243714
kumud+PL_7,kumudson,0.0,0.23103192402243714
mitin+PL_0,mitinka,0.0,0.7689680759775629
mitin+PL_1,mitinka,0.0,0.7689680759775629
mitin+PL_2,mitinka,0.0,0.7689680759775629
mitin+PL_3,mitinka,0.0,0.7689680759775629
mitin+PL_4,mitinka,0.0,0.7689680759775629
mitin+PL_5,mitinka,0.0,0.7689680759775629
mitin+PL_6,mitinka,0.0,0.7689680759775629
mitin+PL_0,mitinson,1.0,0.23103192402243714
mitin+PL_1,mitinson,1.0,0.23103192402243714
mitin+PL_2,mitinson,1.0,0.23103192402243714
mitin+PL_3,mitinson,1.0,0.23103192402243714
mitin+PL_4,mitinson,1.0,0.23103192402243714
mitin+PL_5,mitinson,1.0,0.23103192402243714
mitin+PL_6,mitinson,1.0,0.23103192402243714
fogun+PL_0,fogunson,1.0,0.23103192402243714
fogun+PL_1,fogunson,1.0,0.23103192402243714
fogun+PL_2,fogunson,1.0,0.23103192402243714
fogun+PL_3,fogunson,1.0,0.23103192402243714
fogun+PL_4,fogunson,1.0,0.23103192402243714
fogun+PL_5,fogunson,1.0,0.23103192402243714
fogun+PL_6,fogunson,1.0,0.23103192402243714
fogun+PL_7,fogunson,1.0,0.23103192402243714
fogun+PL_8,fogunson,1.0,0.23103192402243714
fogun+PL_9,fogunson,1.0,0.23103192402243714
fogun+PL_10,fogunson,1.0,0.23103192402243714
fogun+PL_11,fogunson,1.0,0.23103192402243714
fogun+PL_12,fogunson,1.0,0.23103192402243714
fogun+PL_13,fogunson,1.0,0.23103192402243714
fogun+PL_14,fogunson,1.0,0.23103192402243714
fogun+PL_15,fogunson,1.0,0.23103192402243714
fogun+PL_16,fogunson,1.0,0.23103192402243714
fogun+PL_17,fogunson,1.0,0.23103192402243714
fogun+PL_18,fogunson,1.0,0.23103192402243714
fogun+PL_19,fogunson,1.0,0.23103192402243714
fogun+PL_20,fogunson,1.0,0.23103192402243714
fogun+PL_21,fogunson,1.0,0.23103192402243714
fogun+PL_22,fogunson,1.0,0.23103192402243714
fogun+PL_23,fogunson,1.0,0.23103192402243714
fogun+PL_24,fogunson,1.0,0.23103192402243714
fogun+PL_25,fogunson,1.0,0.23103192402243714
fogun+PL_26,fogunson,1.0,0.23103192402243714
fogun+PL_27,fogunson,1.0,0.23103192402243714
fogun+PL_28,fogunson,1.0,0.23103192402243714
fogun+PL_29,fogunson,1.0,0.23103192402243714
fogun+PL_30,fogunson,1.0,0.23103192402243714
fogun+PL_31,fogunson,1.0,0.23103192402243714
fogun+PL_32,fogunson,1.0,0.23103192402243714
fogun+PL_33,fogunson,1.0,0.23103192402243714
fogun+PL_34,fogunson,1.0,0.23103192402243714
fogun+PL_35,fogunson,1.0,0.23103192402243714
fogun+PL_36,fogunson,1.0,0.23103192402243714
fogun+PL_37,fogunson,1.0,0.23103192402243714
fogun+PL_38,fogunson,1.0,0.23103192402243714
fogun+PL_39,fogunson,1.0,0.23103192402243714
fogun+PL_0,fogunka,0.0,0.7689680759775629
fogun+PL_1,fogunka,0.0,0.7689680759775629
fogun+PL_2,fogunka,0.0,0.7689680759775629
fogun+PL_3,fogunka,0.0,0.7689680759775629
fogun+PL_4,fogunka,0.0,0.7689680759775629
fogun+PL_5,fogunka,0.0,0.7689680759775629
fogun+PL_6,fogunka,0.0,0.7689680759775629
fogun+PL_7,fogunka,0.0,0.7689680759775629
fogun+PL_8,fogunka,0.0,0.7689680759775629
fogun+PL_9,fogunka,0.0,0.7689680759775629
fogun+PL_10,fogunka,0.0,0.7689680759775629
fogun+PL_11,fogunka,0.0,0.7689680759775629
fogun+PL_12,fogunka,0.0,0.7689680759775629
fogun+PL_13,fogunka,0.0,0.7689680759775629
fogun+PL_14,fogunka,0.0,0.7689680759775629
fogun+PL_15,fogunka,0.0,0.7689680759775629
fogun+PL_16,fogunka,0.0,0.7689680759775629
fogun+PL_17,fogunka,0.0,0.7689680759775629
fogun+PL_18,fogunka,0.0,0.7689680759775629
fogun+PL_19,fogunka,0.0,0.7689680759775629
fogun+PL_20,fogunka,0.0,0.7689680759775629
fogun+PL_21,fogunka,0.0,0.7689680759775629
fogun+PL_22,fogunka,0.0,0.7689680759775629
fogun+PL_23,fogunka,0.0,0.7689680759775629
fogun+PL_24,fogunka,0.0,0.7689680759775629
fogun+PL_25,fogunka,0.0,0.7689680759775629
fogun+PL_26,fogunka,0.0,0.7689680759775629
fogun+PL_27,fogunka,0.0,0.7689680759775629
fogun+PL_28,fogunka,0.0,0.7689680759775629
fogun+PL_29,fogunka,0.0,0.7689680759775629
fogun+PL_30,fogunka,0.0,0.7689680759775629
fogun+PL_31,fogunka,0.0,0.7689680759775629
fogun+PL_32,fogunka,0.0,0.7689680759775629
fogun+PL_33,fogunka,0.0,0.7689680759775629
fogun+PL_34,fogunka,0.0,0.7689680759775629
fogun+PL_35,fogunka,0.0,0.7689680759775629
fogun+PL_36,fogunka,0.0,0.7689680759775629
fogun+PL_37,fogunka,0.0,0.7689680759775629
fogun+PL_38,fogunka,0.0,0.7689680759775629
fogun+PL_39,fogunka,0.0,0.7689680759775629
ninet+PL_0,ninetka,1.0,0.7689680759775629
ninet+PL_1,ninetka,1.0,0.7689680759775629
ninet+PL_2,ninetka,1.0,0.7689680759775629
ninet+PL_3,ninetka,1.0,0.7689680759775629
ninet+PL_4,ninetka,1.0,0.7689680759775629
ninet+PL_5,ninetka,1.0,0.7689680759775629
ninet+PL_6,ninetka,1.0,0.7689680759775629
ninet+PL_0,ninetson,0.0,0.23103192402243714
ninet+PL_1,ninetson,0.0,0.23103192402243714
ninet+PL_2,ninetson,0.0,0.23103192402243714
ninet+PL_3,ninetson,0.0,0.23103192402243714
ninet+PL_4,ninetson,0.0,0.23103192402243714
ninet+PL_5,ninetson,0.0,0.23103192402243714
ninet+PL_6,ninetson,0.0,0.23103192402243714
tozim+PL_0,tozimson,0.0,0.23103192402243714
tozim+PL_1,tozimson,0.0,0.23103192402243714
tozim+PL_2,tozimson,0.0,0.23103192402243714
tozim+PL_3,tozimson,0.0,0.23103192402243714
tozim+PL_4,tozimson,0.0,0.23103192402243714
tozim+PL_5,tozimson,0.0,0.23103192402243714
tozim+PL_6,tozimson,0.0,0.23103192402243714
tozim+PL_7,tozimson,0.0,0.23103192402243714
tozim+PL_8,tozimson,0.0,0.23103192402243714
tozim+PL_9,tozimson,0.0,0.23103192402243714
tozim+PL_10,tozimson,0.0,0.23103192402243714
tozim+PL_11,tozimson,0.0,0.23103192402243714
tozim+PL_12,tozimson,0.0,0.23103192402243714
tozim+PL_13,tozimson,0.0,0.23103192402243714
tozim+PL_14,tozimson,0.0,0.23103192402243714
tozim+PL_15,tozimson,0.0,0.23103192402243714
tozim+PL_16,tozimson,0.0,0.23103192402243714
tozim+PL_17,tozimson,0.0,0.23103192402243714
tozim+PL_18,tozimson,0.0,0.23103192402243714
tozim+PL_19,tozimson,0.0,0.23103192402243714
tozim+PL_20,tozimson,0.0,0.23103192402243714
tozim+PL_21,tozimson,0.0,0.23103192402243714
tozim+PL_22,tozimson,0.0,0.23103192402243714
tozim+PL_23,tozimson,0.0,0.23103192402243714
tozim+PL_24,tozimson,0.0,0.23103192402243714
tozim+PL_25,tozimson,0.0,0.23103192402243714
tozim+PL_0,tozimka,1.0,0.7689680759775629
tozim+PL_1,tozimka,1.0,0.7689680759775629
tozim+PL_2,tozimka,1.0,0.7689680759775629
tozim+PL_3,tozimka,1.0,0.7689680759775629
tozim+PL_4,tozimka,1.0,0.7689680759775629
tozim+PL_5,tozimka,1.0,0.7689680759775629
tozim+PL_6,tozimka,1.0,0.7689680759775629
tozim+PL_7,tozimka,1.0,0.7689680759775629
tozim+PL_8,tozimka,1.0,0.7689680759775629
tozim+PL_9,tozimka,1.0,0.7689680759775629
tozim+PL_10,tozimka,1.0,0.7689680759775629
tozim+PL_11,tozimka,1.0,0.7689680759775629
tozim+PL_12,tozimka,1.0,0.7689680759775629
tozim+PL_13,tozimka,1.0,0.7689680759775629
tozim+PL_14,tozimka,1.0,0.7689680759775629
tozim+PL_15,tozimka,1.0,0.7689680759775629
tozim+PL_16,tozimka,1.0,0.7689680759775629
tozim+PL_17,tozimka,1.0,0.7689680759775629
tozim+PL_18,tozimka,1.0,0.7689680759775629
tozim+PL_19,tozimka,1.0,0.7689680759775629
tozim+PL_20,tozimka,1.0,0.7689680759775629
tozim+PL_21,tozimka,1.0,0.7689680759775629
tozim+PL_22,tozimka,1.0,0.7689680759775629
tozim+PL_23,tozimka,1.0,0.7689680759775629
tozim+PL_24,tozimka,1.0,0.7689680759775629
tozim+PL_25,tozimka,1.0,0.7689680759775629
ribef+PL_0,ribefka,0.0,0.7689680759775629
ribef+PL_1,ribefka,0.0,0.7689680759775629
ribef+PL_2,ribefka,0.0,0.7689680759775629
ribef+PL_3,ribefka,0.0,0.7689680759775629
ribef+PL_4,ribefka,0.0,0.7689680759775629
ribef+PL_5,ribefka,0.0,0.7689680759775629
ribef+PL_0,ribefson,1.0,0.23103192402243714
ribef+PL_1,ribefson,1.0,0.23103192402243714
ribef+PL_2,ribefson,1.0,0.23103192402243714
ribef+PL_3,ribefson,1.0,0.23103192402243714
ribef+PL_4,ribefson,1.0,0.23103192402243714
ribef+PL_5,ribefson,1.0,0.23103192402243714
bitek+PL_0,bitekka,1.0,0.7689680759775629
bitek+PL_1,bitekka,1.0,0.7689680759775629
bitek+PL_2,bitekka,1.0,0.7689680759775629
bitek+PL_3,bitekka,1.0,0.7689680759775629
bitek+PL_4,bitekka,1.0,0.7689680759775629
bitek+PL_5,bitekka,1.0,0.7689680759775629
bitek+PL_0,bitekson,0.0,0.23103192402243714
bitek+PL_1,bitekson,0.0,0.23103192402243714
bitek+PL_2,bitekson,0.0,0.23103192402243714
bitek+PL_3,bitekson,0.0,0.23103192402243714
bitek+PL_4,bitekson,0.0,0.23103192402243714
bitek+PL_5,bitekson,0.0,0.23103192402243714
finok+PL_0,finokka,0.0,0.7689680759775629
finok+PL_1,finokka,0.0,0.7689680759775629
finok+PL_2,finokka,0.0,0.7689680759775629
finok+PL_3,finokka,0.0,0.7689680759775629
finok+PL_4,finokka,0.0,0.7689680759775629
finok+PL_0,finokson,1.0,0.23103192402243714
finok+PL_1,finokson,1.0,0.23103192402243714
finok+PL_2,finokson,1.0,0.23103192402243714
finok+PL_3,finokson,1.0,0.23103192402243714
finok+PL_4,finokson,1.0,0.23103192402243714
zobek+PL_0,zobekson,0.0,0.23103192402243714
zobek+PL_1,zobekson,0.0,0.23103192402243714
zobek+PL_2,zobekson,0.0,0.23103192402243714
zobek+PL_3,zobekson,0.0,0.23103192402243714
zobek+PL_4,zobekson,0.0,0.23103192402243714
zobek+PL_5,zobekson,0.0,0.23103192402243714
zobek+PL_6,zobekson,0.0,0.23103192402243714
zobek+PL_7,zobekson,0.0,0.23103192402243714
zobek+PL_8,zobekson,0.0,0.23103192402243714
zobek+PL_9,zobekson,0.0,0.23103192402243714
zobek+PL_10,zobekson,0.0,0.23103192402243714
zobek+PL_11,zobekson,0.0,0.23103192402243714
zobek+PL_12,zobekson,0.0,0.23103192402243714
zobek+PL_13,zobekson,0.0,0.23103192402243714
zobek+PL_14,zobekson,0.0,0.23103192402243714
zobek+PL_15,zobekson,0.0,0.23103192402243714
zobek+PL_16,zobekson,0.0,0.23103192402243714
zobek+PL_17,zobekson,0.0,0.23103192402243714
zobek+PL_18,zobekson,0.0,0.23103192402243714
zobek+PL_19,zobekson,0.0,0.23103192402243714
zobek+PL_0,zobekka,1.0,0.7689680759775629
zobek+PL_1,zobekka,1.0,0.7689680759775629
zobek+PL_2,zobekka,1.0,0.7689680759775629
zobek+PL_3,zobekka,1.0,0.7689680759775629
zobek+PL_4,zobekka,1.0,0.7689680759775629
zobek+PL_5,zobekka,1.0,0.7689680759775629
zobek+PL_6,zobekka,1.0,0.7689680759775629
zobek+PL_7,zobekka,1.0,0.7689680759775629
zobek+PL_8,zobekka,1.0,0.7689680759775629
zobek+PL_9,zobekka,1.0,0.7689680759775629
zobek+PL_10,zobekka,1.0,0.7689680759775629
zobek+PL_11,zobekka,1.0,0.7689680759775629
zobek+PL_12,zobekka,1.0,0.7689680759775629
zobek+PL_13,zobekka,1.0,0.7689680759775629
zobek+PL_14,zobekka,1.0,0.7689680759775629
zobek+PL_15,zobekka,1.0,0.7689680759775629
zobek+PL_16,zobekka,1.0,0.7689680759775629
zobek+PL_17,zobekka,1.0,0.7689680759775629
zobek+PL_18,zobekka,1.0,0.7689680759775629
zobek+PL_19,zobekka,1.0,0.7689680759775629
fabem+PL_0,fabemson,0.0,0.23103192402243714
fabem+PL_1,fabemson,0.0,0.23103192402243714
fabem+PL_2,fabemson,0.0,0.23103192402243714
fabem+PL_3,fabemson,0.0,0.23103192402243714
fabem+PL_4,fabemson,0.0,0.23103192402243714
fabem+PL_5,fabemson,0.0,0.23103192402243714
fabem+PL_6,fabemson,0.0,0.23103192402243714
fabem+PL_7,fabemson,0.0,0.23103192402243714
fabem+PL_8,fabemson,0.0,0.23103192402243714
fabem+PL_9,fabemson,0.0,0.23103192402243714
fabem+PL_10,fabemson,0.0,0.23103192402243714
fabem+PL_11,fabemson,0.0,0.23103192402243714
fabem+PL_12,fabemson,0.0,0.23103192402243714
fabem+PL_13,fabemson,0.0,0.23103192402243714
fabem+PL_14,fabemson,0.0,0.23103192402243714
fabem+PL_15,fabemson,0.0,0.23103192402243714
fabem+PL_0,fabemka,1.0,0.7689680759775629
fabem+PL_1,fabemka,1.0,0.7689680759775629
fabem+PL_2,fabemka,1.0,0.7689680759775629
fabem+PL_3,fabemka,1.0,0.7689680759775629
fabem+PL_4,fabemka,1.0,0.7689680759775629
fabem+PL_5,fabemka,1.0,0.7689680759775629
fabem+PL_6,fabemka,1.0,0.7689680759775629
fabem+PL_7,fabemka,1.0,0.7689680759775629
fabem+PL_8,fabemka,1.0,0.7689680759775629
fabem+PL_9,fabemka,1.0,0.7689680759775629
fabem+PL_10,fabemka,1.0,0.7689680759775629
fabem+PL_11,fabemka,1.0,0.7689680759775629
fabem+PL_12,fabemka,1.0,0.7689680759775629
fabem+PL_13,fabemka,1.0,0.7689680759775629
fabem+PL_14,fabemka,1.0,0.7689680759775629
fabem+PL_15,fabemka,1.0,0.7689680759775629
remoz+PL_0,remozka,1.0,0.7689680759775629
remoz+PL_1,remozka,1.0,0.7689680759775629
remoz+PL_2,remozka,1.0,0.7689680759775629
remoz+PL_3,remozka,1.0,0.7689680759775629
remoz+PL_4,remozka,1.0,0.7689680759775629
remoz+PL_0,remozson,0.0,0.23103192402243714
remoz+PL_1,remozson,0.0,0.23103192402243714
remoz+PL_2,remozson,0.0,0.23103192402243714
remoz+PL_3,remozson,0.0,0.23103192402243714
remoz+PL_4,remozson,0.0,0.23103192402243714
zasif+PL_0,zasifka,1.0,0.7689680759775629
zasif+PL_1,zasifka,1.0,0.7689680759775629
zasif+PL_2,zasifka,1.0,0.7689680759775629
zasif+PL_3,zasifka,1.0,0.7689680759775629
zasif+PL_4,zasifka,1.0,0.7689680759775629
zasif+PL_0,zasifson,0.0,0.23103192402243714
zasif+PL_1,zasifson,0.0,0.23103192402243714
zasif+PL_2,zasifson,0.0,0.23103192402243714
zasif+PL_3,zasifson,0.0,0.23103192402243714
zasif+PL_4,zasifson,0.0,0.23103192402243714
nerun+PL_0,nerunka,0.0,0.7689680759775629
nerun+PL_1,nerunka,0.0,0.7689680759775629
nerun+PL_2,nerunka,0.0,0.7689680759775629
nerun+PL_3,nerunka,0.0,0.7689680759775629
nerun+PL_0,nerunson,1.0,0.23103192402243714
nerun+PL_1,nerunson,1.0,0.23103192402243714
nerun+PL_2,nerunson,1.0,0.23103192402243714
nerun+PL_3,nerunson,1.0,0.23103192402243714
ladof+PL_0,ladofka,1.0,0.7689680759775629
ladof+PL_1,ladofka,1.0,0.7689680759775629
ladof+PL_2,ladofka,1.0,0.7689680759775629
ladof+PL_3,ladofka,1.0,0.7689680759775629
ladof+PL_0,ladofson,0.0,0.23103192402243714
ladof+PL_1,ladofson,0.0,0.23103192402243714
ladof+PL_2,ladofson,0.0,0.23103192402243714
ladof+PL_3,ladofson,0.0,0.23103192402243714
monig+PL_0,monigka,1.0,0.7689680759775629
monig+PL_1,monigka,1.0,0.7689680759775629
monig+PL_2,monigka,1.0,0.7689680759775629
monig+PL_3,monigka,1.0,0.7689680759775629
monig+PL_0,monigson,0.0,0.23103192402243714
monig+PL_1,monigson,0.0,0.23103192402243714
monig+PL_2,monigson,0.0,0.23103192402243714
monig+PL_3,monigson,0.0,0.23103192402243714
zasum+PL_0,zasumka,1.0,0.7689680759775629
zasum+PL_1,zasumka,1.0,0.7689680759775629
zasum+PL_2,zasumka,1.0,0.7689680759775629
zasum+PL_3,zasumka,1.0,0.7689680759775629
zasum+PL_0,zasumson,0.0,0.23103192402243714
zasum+PL_1,zasumson,0.0,0.23103192402243714
zasum+PL_2,zasumson,0.0,0.23103192402243714
zasum+PL_3,zasumson,0.0,0.23103192402243714
kekeg+PL_0,kekegka,1.0,0.7689680759775629
kekeg+PL_1,kekegka,1.0,0.7689680759775629
kekeg+PL_2,kekegka,1.0,0.7689680759775629
kekeg+PL_3,kekegka,1.0,0.7689680759775629
kekeg+PL_0,kekegson,0.0,0.23103192402243714
kekeg+PL_1,kekegson,0.0,0.23103192402243714
kekeg+PL_2,kekegson,0.0,0.23103192402243714
kekeg+PL_3,kekegson,0.0,0.23103192402243714
fadun+PL_0,fadunka,1.0,0.7689680759775629
fadun+PL_1,fadunka,1.0,0.7689680759775629
fadun+PL_2,fadunka,1.0,0.7689680759775629
fadun+PL_0,fadunson,0.0,0.23103192402243714
fadun+PL_1,fadunson,0.0,0.23103192402243714
fadun+PL_2,fadunson,0.0,0.23103192402243714
gober+PL_0,goberka,1.0,0.7689680759775629
gober+PL_1,goberka,1.0,0.7689680759775629
gober+PL_2,goberka,1.0,0.7689680759775629
gober+PL_0,goberson,0.0,0.23103192402243714
gober+PL_1,goberson,0.0,0.23103192402243714
gober+PL_2,goberson,0.0,0.23103192402243714
bikuk+PL_0,bikukson,1.0,0.23103192402243714
bikuk+PL_1,bikukson,1.0,0.23103192402243714
bikuk+PL_2,bikukson,1.0,0.23103192402243714
bikuk+PL_3,bikukson,1.0,0.23103192402243714
bikuk+PL_4,bikukson,1.0,0.23103192402243714
bikuk+PL_5,bikukson,1.0,0.23103192402243714
bikuk+PL_6,bikukson,1.0,0.23103192402243714
bikuk+PL_7,bikukson,1.0,0.23103192402243714
bikuk+PL_8,bikukson,1.0,0.23103192402243714
bikuk+PL_9,bikukson,1.0,0.23103192402243714
bikuk+PL_10,bikukson,1.0,0.23103192402243714
bikuk+PL_11,bikukson,1.0,0.23103192402243714
bikuk+PL_12,bikukson,1.0,0.23103192402243714
bikuk+PL_0,bikukka,0.0,0.7689680759775629
bikuk+PL_1,bikukka,0.0,0.7689680759775629
bikuk+PL_2,bikukka,0.0,0.7689680759775629
bikuk+PL_3,bikukka,0.0,0.7689680759775629
bikuk+PL_4,bikukka,0.0,0.7689680759775629
bikuk+PL_5,bikukka,0.0,0.7689680759775629
bikuk+PL_6,bikukka,0.0,0.7689680759775629
bikuk+PL_7,bikukka,0.0,0.7689680759775629
bikuk+PL_8,bikukka,0.0,0.7689680759775629
bikuk+PL_9,bikukka,0.0,0.7689680759775629
bikuk+PL_10,bikukka,0.0,0.7689680759775629
bikuk+PL_11,bikukka,0.0,0.7689680759775629
bikuk+PL_12,bikukka,0.0,0.7689680759775629
